FeatureBarcodename,FeatureBarcodesequence
BC_01,AAGGCAGACGGTGCA
BC_02,GGCTGCGCACCGCCT
BC_03,TAGTTGACATGCCAT
BC_04,GACGCGCGTTGTCAT
BC_05,CGTCCTAGGACATAT
BC_06,CTCCAGCTCGAGCTC
BC_07,GGACGCAACTTAAGA
BC_08,AGCGAACCGCCGCTG
BC_09,GTGCAAGAGTTGGCG
BC_10,GAAGAAGCGTTATTC
BC_11,TGGTGACAAGTATCT
BC_12,CACTCCTTGACAGGT
BC_13,CGAGGTACATCTTGT
BC_14,GCCAAGATCAGGTCC
BC_15,TTAGGTGTACACGTT
BC_16,GCATTGCGTCAGGCT
BC_17,CTGGTCGAACTTCGT
BC_18,AGAGCTAGGATCGGA
BC_19,ATAATCATTACGTGG
BC_20,ACGAATCGGATACTA
BC_21,CGTCGCAATCCATTG
BC_22,TAGGTTACGAGTGTG
BC_23,CAAGCGCGGCTTCCG
BC_24,GCTAGCGTAATGTGG
BC_25,CATGGAGGCGAGGTT
BC_26,TGACACCTGAATATT
BC_27,AGACAGTGATGTCCG
BC_28,CCAATCGATATGAGC
BC_29,CGTACATGTACCACA
BC_30,GGACGAGTTCAACGT
BC_31,GCGGCTCTGTTGATG
BC_32,TTGTCACGGTAATAA
BC_33,ATCGAACCGACAGAG
BC_34,GGTCGACTAGGTCGG
BC_35,CTCAAGCATTATCAT
BC_36,GGCAGCCTTCTATTG
BC_37,TCCGATCCTGGTCCG
BC_38,CGCGGCCGGTTAGGA
BC_39,TCAAGCCTCAGGCAG
BC_40,GACGAACGTCCGCGA
BC_41,GTTCAAGCTTAGATA
BC_42,TGCATAGCCTGTGGA
BC_43,AGGCGTGCACGTGGT
BC_44,TTACTACGTAATACC
BC_45,TTCGGAACGCGCACA
BC_46,TTCATCTCCAGTACG
BC_47,GTCACACTTAAGACA
BC_48,CTCGTCGCGCAATGC
BC_49,CTTGCGAGTAGGATT
BC_50,AGCTTCACGGAATCC
BC_51,CGCTGCGGCGAGTTG
BC_52,ACCTTCTGTTCTGCC
BC_53,CGGTTAGCGCGGTTC
BC_54,TCTATTGGATAGGAT
BC_55,CGGACCGCCTGACAA
BC_56,CTGGCGACAACGCGA
BC_57,TGTCAGCGACTGCGA
BC_58,GACGGCACCAAGTTC
BC_59,CCTAGTTACCGAGCA
BC_60,TAGAGCCGACTGCAG
BC_61,TCCTACCGCGAGCCG
BC_62,GCAAGCAATGCACGC
BC_63,GAGCATAAGTGGTTA
BC_64,GTTAAGTCATACATA
BC_65,CTTCGCTCGTACAAG
BC_66,TTACATCGAGAATCA
BC_67,CAGCTGATCTAATTC
BC_68,AGGTTATATGTCGAG
BC_69,GCCTAACATGCTTCT
BC_70,CACATATAGAATTAG
BC_71,AGTAATGCATACCTG
BC_72,TACCAACTGGTCTGA
BC_73,GGCCTCTGACTCCAA
BC_74,ATGCATGTGGAACGC
BC_75,GCCGTCCGCGCGTAG
BC_76,GCCAACGGCTATATG
BC_77,AGATCTATTGGCAGT
BC_78,TTGCCAGACGTCATC
BC_79,ATTCGAGGAGCTACC
BC_80,CATAGCCAGGTTATC
BC_81,TATCCGATTCGCGCG
BC_82,ATTACCGATATACAA
BC_83,TTGCGGTTAGCTTGC
BC_84,CGAGTCCAGGCCGGA
BC_85,ACCAGTTACAGGACT
BC_86,TTAGTGGTCCGGTTA
BC_87,CAGCCTATGCTAGAG
BC_88,ACGTGAGGAGGCAGT
BC_89,ATAGCGGCTCTATCG
BC_90,ACCATAGACGATCAT
BC_91,AGGACAACACTCAGT
BC_92,TCTCGCACCACGCGG
BC_93,CAGCCTACAATATGC
BC_94,TCCTGAGTGTCAATA
BC_95,TAACGGACTGACACG
BC_96,TCGGCTAGCTCCTGG
BC_97,GAGTGAGGCTCAGCT
BC_98,GCGAATATCCAGCAT
BC_99,CGTGATAGTGTTGAA
BC_100,TACGGACGGCTAGAA
BC_101,AACTGTCGCCACGTC
BC_102,CACAGGTTGCCAAGA
BC_103,AGCGCATAGTTATCT
BC_104,GACCTGATCTTACAT
BC_105,GTTATTCTGGTCTCA
BC_106,TGTATTCATACGCAT
BC_107,CGCAACGTTCCACTG
BC_108,GTTCAGCAATACCTC
BC_109,CCGTGTATAAGTATA
BC_110,CGGCTACATCGTGCC
BC_111,ATCGCATTCTAAGAA
BC_112,CTAGGATAATGAACA
BC_113,CTATCTACCGGCTCG
BC_114,ATACTCACACAGGCG
BC_115,CTGCAATCAGTAGGA
BC_116,ACCAGGCCACACTAT
BC_117,CGGTCTACTGTTAGA
BC_118,TATCCATATACAGGA
BC_119,AACATGGCGCAACAT
BC_120,GTCAATCATGTGGAA
BC_121,TCCGACTTGGAATTC
BC_122,TTGGATGTCCAAGGT
BC_123,ACAACGAATTGGCAA
BC_124,AAGCAATGCGGAACA
BC_125,GGTCATAGGAAGTGT
BC_126,GCGACATCGCGGTCG
BC_127,TTACGTCGTGCTTGG
BC_128,CATTGTGACTTCACC
BC_129,TAGTATCTATAGATC
BC_130,CGGCTCACCGCGTCT
BC_131,CGTCCTCGACTGTCC
BC_132,CGGCCTCACGTGGCA
BC_133,CGTACGGCCGGCGCC
BC_134,GAATGTGCGCACTAA
BC_135,CATGTCTACGTTAAG
BC_136,CGAAGGATACACTCA
BC_137,CAGGTCGGCCAAGAT
BC_138,TATAATGGATTCTAA
BC_139,GGCGTAACTCGTCTA
BC_140,GGACCACAATGTGCG
BC_141,GCACAGATCAGTGAT
BC_142,ATACCGCGGTTAATC
BC_143,GATACGCACGCCTCA
BC_144,CGGTCTCGGCTTACA
BC_145,GCCATGGCCAGGACA
BC_146,GAGGTACACCAATCA
BC_147,GTTATTGTCCACAAT
BC_148,TGCTAGTGAGGATTA
BC_149,TCTCTCAGGAACGCC
BC_150,GCCAAGTGGAGGCCG
BC_151,TCTGAGTATCAATTG
BC_152,CTTAGCAACTCTAAC
BC_153,CGTTCGGAAGCCAGC
BC_154,CCGAGTGACGATGTG
BC_155,AACCGGTTGTTCTCA
BC_156,GGCAAGTGAACCATG
BC_157,AGGACGGTGAGGCCA
BC_158,GATTGGCTACTCAAT
BC_159,CCGTCTCACCGATAT
BC_160,AACCTACTCTCAAGG
BC_161,ACTTCGTATAGATTA
BC_162,GCAACTATTCGTTAT
BC_163,AATTCAGGCGACGTG
BC_164,GGACGCTCGGAAGCT
BC_165,AGCACGACCTTGGTT
BC_166,GTGGCTGAGCTGACG
BC_167,TGACCTCCATAATAA
BC_168,ACAGAGAGTGTGACG
BC_169,GACGGCCTCGGCAAG
BC_170,CACGATCCTCGTTAC
BC_171,CGATGCCGGACGATC
BC_172,ACTAGGTTAACCTCT
BC_173,AGGACATGCGGTAGC
BC_174,TGTCATAATTATGAG
BC_175,ACAGATACTACCGGA
BC_176,CACCTTATACTTGGC
BC_177,CGGATTGTACGCGCG
BC_178,ATAGGTATATCCATG
BC_179,TGAATGCAAGTAATT
BC_180,CCTGAGTGAGGATAG
BC_181,ATGAACCTGAAGGTA
BC_182,ATTCTGTTGAGGTGT
BC_183,TAGTTCGGCGCGCAA
BC_184,ATTGAGGCAACAACT
BC_185,AATAATCTTGCGCTT
BC_186,TTGATGCTAGATACA
BC_187,CCGATCAATGTGACT
BC_188,AAGCCGCAATAGGCC
BC_189,CTATTCTATGAGTCT
BC_190,CTTGCATGTAATGTA
BC_191,CTATATGGAACCTAA
BC_192,ATACTTAAGTGTTAT
BC_193,CCGCATGAGGCCTGC
BC_194,AGTACAGGTGACTTA
BC_195,CCGAACGCAGCCGTA
BC_196,TAGAATCGCTACAAC
BC_197,AATGTTACGTGACCT
BC_198,GCGCTGTGCCGAGGA
BC_199,TCTTCTACCTGATAA
BC_200,CATGAGACGACAAGT
BC_201,CTTAATGGTTCGATG
BC_202,CCATCAGGACGGAGT
BC_203,TGGTTGATCGTATCT
BC_204,GAACGATTCGCGGAC
BC_205,GCAACTGGCATCATC
BC_206,CACAGCTACAACAAG
BC_207,CCTGGCCGCAGCGAG
BC_208,TTATGGAGTGTAACA
BC_209,TGCTTCCGATACGTC
BC_210,AGTCCGTTATAAGGC
BC_211,GCCGCTGTACTTGTT
BC_212,ATGCCGAATGAGTCG
BC_213,CTAATGTCACAAGTA
BC_214,ATCGTCGTCTGAGTC
BC_215,GTACTGACTATGCTT
BC_216,AGCAGGCTTGAAGGA
BC_217,AGAAGCAACCTCATG
BC_218,ACGAAGCGTGGCAGA
BC_219,TACAGGTACACATTG
BC_220,CACTAGTGCTGTATC
BC_221,GAGTTACCATTGAAC
BC_222,CGTGCCAGCGAATTC
BC_223,TTGAAGGTAATACAG
BC_224,GACGGCCGCGCCGTC
BC_225,AATGCACCGAAGTGC
BC_226,ACAGCAAGCATGGTT
BC_227,TCCGTCAGACTGCTG
BC_228,TAACGTCACAACATA
BC_229,TAGGAGGTATCCTCA
BC_230,AAGTTGATTACCGTC
BC_231,TAGACCATGCCGCCT
BC_232,TAAGGACGCGTACGG
BC_233,TCTCTATGAATGTTG
BC_234,ACAGGCCGCATACTT
BC_235,CTAGCGGAATAGAAG
BC_236,CGTAATTGTCTACTT
BC_237,CGCCGCGATGAGCCA
BC_238,GCCGATCGGTGTCGA
BC_239,TCCTACTCGTTAGAT
BC_240,CGGATGCTAAGCCAG
BC_241,AACAAGTACATCTGC
BC_242,TTCTAGATGTGATGG
BC_243,AGGAAGCCAAGCTTG
BC_244,GAACGCGCGTCACTT
BC_245,CTGTGGCACAGCTCG
BC_246,CTGGATGCCTGCGTA
BC_247,ATATTGCTCAATAGT
BC_248,GGATTACGGACCAGG
BC_249,ATTGGACGTCGTAAG
BC_250,CAGTCTCATTACGGA
BC_251,GGCGCTTCCGCGCGA
BC_252,TTCTAAGCATAAGTC
BC_253,GCAGGTTACGAAGTT
BC_254,GTCCAACCGACGCGG
BC_255,ATGATATATGGTACC
BC_256,CACGTAAGCCGAGAG
BC_257,AGACATAGCTTAGTT
BC_258,ATGTTCTGCAACGGC
BC_259,GTTACTGCTTCGGAA
BC_260,GCTACTCTTGTCCAG
BC_261,TGACGCAGGTCTATG
BC_262,GCGCACACTAGCGAT
BC_263,AGACTGGCCACAGCC
BC_264,ATTAGTTAATTCGAG
BC_265,TTGACCATCGAAGGA
BC_266,AAGTATATGTGCGTA
BC_267,CCTACTGATACTCCA
BC_268,TTGGCTCTCGCCAGG
BC_269,TGGTAAGGTCACGGT
BC_270,CAGGCTCCAGGTTAG
BC_271,GATATTACCAGGATG
BC_272,CGAGTCTAAGGCGAC
BC_273,CTAAGATATATATGT
BC_274,TAGTGGAGTAACGTT
BC_275,GAACTTAACGACCAA
BC_276,AGAGTGCGTACCGTA
BC_277,CCTACATTAGTAAGA
BC_278,CAGAGGACTCGCGAA
BC_279,ATCATCCGGATTCGT
BC_280,GCCACGGTACGAGGA
BC_281,CCTGCCTACTACTAG
BC_282,CCAGCCTTCGATTCG
BC_283,TAACATTAACTCATG
BC_284,ACCGCGAACTCTCTC
BC_285,AAGTGGTTAATTACG
BC_286,TAGGACATTCCAGGC
BC_287,AAGGTCTGGCTATTG
BC_288,AATCAGACATTCTCC
BC_289,TGTTGACCGCAGGAG
BC_290,CTCTTACACCGTAGG
BC_291,CCAATGAAGTATCTC
BC_292,CAGCTCCAGGTTGAA
BC_293,GGTACAGCTCCATAG
BC_294,TCCATCATTACGCCA
BC_295,GCTCTAATCCGCGGC
BC_296,ACAATGACATTCGGT
BC_297,CTACACAGCTGTACG
BC_298,CGACTCTCTCTTGGC
BC_299,AGTGTACATGTGAGG
BC_300,TAAGCAATCTTAGTA
